query,language
rondella A3 melinda M111 pesante,ita
INSERTO FILETtato CILIN. Testa svasata FTS/C A2K M20,ita
cuscinetto assiale obliquo 234418 BM7/SP sfera in ceramica,ita
dado esagonale medio M6-8 acciaio brunito nero,ita
cuscinetto obliquo ZKLN3069-2RS-PE assiale sfera schermata,ita
boccola pap 1316 p11,ita
cuscinetto 62294-2rs1 sferico radiale,ita
EI P. conico M9x17 45H acciaio brunito,ita
vite testa cilindrica esagono incassato M9x61 d11 12.9 f9 gambo rett.,ita
Arbitro di arresto foro BR 97,ita
NUKR 59.2SK BE27 bussola eccentrica,ita
perno nuke 42A tipo folle,ita
PAP 3650 P12 boccola,ita
vite testa cilindrica esagono incassato M4x36 acciaio inox,ita
VITE A2K PARZIALMENTE FILETTATA M10X80-8.8 TESTA CILINDRICA,ita
Anello interno IR 13x16x13,ita
unità cuscinetto FYJ 51 TF sfera in ceramica,ita
vite testa esagonale parzialmente filettata acciaio fosfatato M18x61 8.8,ita
elementi velmor lel 0581,ita
Vite TPSEI acciaio brunito M6x36 10.9 parzialmente filettata,ita
M7x21 vite testa cilindrica gambo rett. tolleranza f9 12.9,ita
M4x13-71 vite acciaio inox tcbei filettatura intera,ita
cuscinetto assiale obliquo 234417 BM8/SP sfera schermata,ita
dado esagonale medio M7-8 acciaio temprato nero,ita
cuscinetto obliquo ZKLN3068-2RS-PE assiale sfera alta precisione,ita
boccola pap 1217 p11,ita
cuscinetto 62290-2rs1 sferico radiale,ita
EI P. conico M10x18 60H acciaio inox,ita
vite testa cilindrica esagono incassato M10x71 d11 14.9 f9 gambo rett.,ita
Arbitro di arresto foro BR 98,ita
NUKR 61.2SK BE23 bussola eccentrica,ita
perno nuke 43A tipo folle,ita
PAP 3652 P11 boccola,ita
vite testa cilindrica esagono incassato M4x37 acciaio brunito,ita
VITE A2K PARZIALMENTE FILETTATA M11X81-8.8 TESTA CILINDRICA,ita
Anello interno IR 13x17x13,ita
unità cuscinetto FYJ 52 TF sfera in ceramica,ita
vite testa esagonale parzialmente filettata acciaio brunito M17x62 8.8,ita
elementi velmor lel 0591,ita
Vite TPSEI jojo acciaio inox M7x37 10.9 parzialmente filettata,ita
M8x22 vite testa cilindrica gambo ettagonale tolleranza f9 12.9,ita
M5x14-72 vite acciaio inox tcbei filettatura intera,ita
HEXAGONAL NUT M41-7 A2K medium black phosphate steel,eng
balls bearing 51119 thrust specs,eng
PAP BUSHER 0707 P12,eng
buy deep groove b-bearing 6214 2RS3,eng
octagonal socket grub screw A2K M7x17-50H conical,eng
M10 D11x31 12.9 octagonal socket cylindrical head screw rectangular tang,eng
retaining ring type BR89,eng
M9x61-50H Flat End Grub Screw HS Hex Socket zincato nero,eng
4.5x10.5 self-threading CFH concrete screw E3J,eng
Hex socket grub screw A2K M6 x 41-46 H tetraedrical end,eng
Steel screw M4x17 hex cylindrical head part thread 12.9,eng
M9 56 screw hex socket cylindrical head partly threaded 8.8,eng
outer RING IR 13x16x13,eng
M11 x 1.35 x 24 rigid locking disc,eng
partly threaded screw hex head M18x36 8.8 A2K zincato a caldo,eng
NKIB 5917 thr comb N-roller bearing,eng
velmor lel5-0771 bearing elements,eng
HSCH screw M7-D9x21 12.9 grade with rectangular tang hexagon socket,eng
M4x11-71 hexagon socket button head screw full thd stainless steel,eng
M17x41-8.8 hex socket screw partial thread A2K galvanized steel,eng
M11 hex threaded inserts ER/C RH reduced head A2K zincato nero,eng
KALDRIX safety washer M23 zincato bianco,eng
BR41 retaining ring specs,eng
ang cont thrust ball bearing BSA 209 CGA/DBA B bearing,eng
steel screw M7x17-12.9 hexagon socket cylindrical head,eng
TY-A M7x12 external tooth washer zincato a caldo A2K,eng
full HEXAGONAL NUT M22-7 Black steel,eng
B-Bearing Angular Contact 7218 CD/P4ADGA,eng
nylon 30293/JV ring,eng
hex socket button head screw with flange full thread zincato bianco M6x17-10.9,eng
M13x81 screw hex socket partly threaded 12.9 steel,eng
ekku CRBHV 5021 A UUT1 P5 bearings,eng
shallow groove bearing 61859 Me,eng
PAW 53 P12 thrust washer,eng
m9x13-71 hex socket button head screw full thread stainless steel a2,eng
M13-7 HEXAGONAL NUT high A2K zincato nero,eng
low hexagonal nut M20 1.7-5 zincato nero,eng
grooved nut km7 M31x1.7 zincato a caldo A2K,eng
partly threaded hexagon socket screw M9 x 61-71 A2 stainless steel cylindrical head,eng
7203CD/P4ADAGA angular contact ball bearing,eng
"GUK GN12 grooved nut M51x1,7 A2K finish",eng
galvanized steel hex screw partially threaded M9x41 grade 8.8,eng
HSCH screw M11x61 8.8 zincato bianco cylindrical head,eng
hex head screw 8.8 m13x51 zincato nero,eng
velmor lel 1091 bearing,eng
M17 x 61-71 mm A2 stainless steel screw hex head half thread,eng
cam follower type nukre 42a,eng
M17x111-8.8 screw hexagonal head PART THD A2K zincato a caldo,eng
ring BR71 retention,eng
lfr 5308 kdd track roller,eng
HEXAGONAL NUT M42-7 A2K medium zincato nero,eng
ball bearing 51121 thrust specs,eng
PAP BUSHER 0808 P11,eng
buy deep groove b-bearing 6216 2RS2,eng
Hex socket grub screw A2K M6x18-48H conical,eng
M11 D12x32 12.9 hexagon socket cylindrical head screw rectangular tanga,eng
retaining ring type BR88,eng
M9x63-50H Flat End Grub Screw HS Hex Socket zincato nero,eng
