query,positive,hard_negative,soft_negative
cerca cuscino rulli 14016 dxl,3413264052-00,3882501209-00,6814405720-00
dado m8-8 a2k zinc basso info,1444121761-00,5621711058-00,9883456014-00
te filetta acc 8.8 m12x180,2139735163-00,4366679025-00,9259659927-00
parz vite 5x20 8.8 m a2k filettata,2106723884-00,7573797526-00,3332127492-00
ralla cusc 140180,1811269553-00,1953221694-00,8810070590-00
tervan a6001,1445209486-00,9487173729-00,2748816495-00
filet inserto fts/c m4 info,3320997887-00,8845118499-00,6493958615-00
p cil A2K M8x35 45,4051928637-00,4410734538-00,2463103318-00
gambo rett m5d6x30 12 9,9966918607-00,9419602658-00,9457329856-00
rulli cuscin 22213ek,1748309131-00,1843344004-00,3240037049-00
vite tcei zincato M6x12 8.8,9836819829-00,6239810547-00,8981508854-00
cerca 8.8 m6x110,1046650199-00,6083606650-00,6259431200-00
6205 2z,6811106407-00,7821834815-00,6960522247-00
conic 21h m5 8,1278211702-00,6439186466-00,6711268221-00
pap1612 p10,4703197479-00,8953620793-00,9674348759-00
info tpw ubpfl202,4870101176-00,6980772817-00,6066764359-00
cerca dxl 01sx 1828 incroci,4321444789-00,2010439133-00,7448971127-00
tcei vite m12x30 12.9 info,1931768917-00,5512927515-00,8649274296-00
m10x14-45 p. ei zincato a2k,1094578790-00,8189288329-00,1932500150-00
assi 51111 sfera,3193792857-00,3929801887-00,8556932975-00
cerca vte m4x16 70 acciaiox,1870525316-00,5527530826-00,9564807796-00
rullni nk cuscino 32/20tn,1323236359-00,5643762042-00,7476166945-00
2k m8 rondela bianco,2066945648-00,5612443179-00,1664484787-00
7208cdp/4adga cuscin,3301044811-00,2438994529-00,3892688398-00
vite a2k m4x40 8-8 incass,6777499687-00,6036804021-00,1543538935-00
natv info 12,4613363443-00,1748309131-00,4974013062-00
cerca 6092rsh radiale,2790637539-00,4200127880-00,5879115229-00
6208 2rsh cercare,8021852651-00,4725934533-00,1487938653-00
tpsei m5x30 10.9 a2,3691912117-00,3281332982-00,2179250203-00
lel elemnt 0490,5496994079-00,4309921101-00,3114810437-00
grano a2k m10x25 45h cilindrica zin,2742017990-00,5074512420-00,6600153617-00
tcei vite 4 x8 88 a2k acciaio info,8723283629-00,5960557195-00,1850869928-00
m3x4-21h grano conic inox,6439186466-00,2692033395-00,8090921104-00
info m8 12 filett vte inox,1715949208-00,5762240135-00,9608119877-00
"vite tcic 39x6,5 info",8831445184-00,4131998906-00,4559775853-00
tcei inox m6 55 70 parz,7748564458-00,7988037521-00,7142238274-00
info 8x30-10.9 a2k zinc bombata,5102587125-00,7529220633-00,7419951092-00
"a2k dado 16x1,5-8 basso cerk",1789617221-00,8903415072-00,7408470863-00
te vite parz m6 75 8.8 a2k cerka,6036804021-00,1681278189-00,2808138723-00
sfera 61812 2rs1 rdl,2403389392-00,7000007117-00,3838026476-00
ghiera lfe26 2k M95x2,8786168191-00,4724612976-00,4571590299-00
TCEI 3x12-12.9 parz filettt,6575833974-00,5768980724-00,6719591180-00
blocc gn18 M90x2 2k,2115313531-00,9344205959-00,8191859174-00
25115p10 filler,8112929682-00,9015214706-00,9745921972-00
interno ir50x25 45,2353386350-00,4575616101-00,7976170256-00
cerc vite tb zinc8.8 m5x16 info,7745825410-00,3269654436-00,9864328534-00
2K info14 care,9276338271-00,3285264200-00,1269747985-00
2 group gwn SLFL2,2139794434-00,5126431065-00,7153700806-00
tci vite A2 m4x35-70,3300579673-00,2893936683-00,3722553199-00
hk rullini 0812.2rs,7501846298-00,2739077386-00,4199791104-00
info b m4 a2,5599619248-00,7604168415-00,9072517807-00
GN2 ghiera blokk guk m15x1,6009433368-00,1515535636-00,4006809740-00
vte 8.8 m4x10 2k,5298209446-00,5936570319-00,4249580146-00
chiusura n,6357802946-00,7320801684-00,7791255843-00
cerca orientabm42,8150398753-00,5174124939-00,7448971127-00
info te zinc m12x100-8.8 cerca,3348164823-00,8205155184-00,6610415924-00
tcei 70 parz inox m4x12,6238573247-00,5322750371-00,3901147993-00
maschio 48x3 a2k,5419770835-00,4282390587-00,7775082541-00
8.8 info tcei m16x30,5195367950-00,1006926039-00,2501819648-00
parz m16x110 8.8 cerca,7361105842-00,9545805367-00,1554805926-00
blocc km2 m15x1,1469574084-00,8575337361-00,7476166945-00
cerca te a2k m16x25 8.8,9241749184-00,1917219391-00,7891212922-00
tcei m8 d10x60 12.9,8232184671-00,8220713106-00,2745886712-00
nero 6x11012.9 cerca,1517496950-00,8687110294-00,3921443853-00
dado a2k 16 10,1255737259-00,6897568036-00,5336459512-00
cerca sferico siqg12 esa kvr,3574000742-00,2427940069-00,7051940106-00
dado m16 6 a2k zincato,9117551575-00,3984544458-00,3055475159-00
ronda a2k m5,1684555397-00,9937502513-00,4311539891-00
pap 0610p10,6477628898-00,8096244744-00,2034326186-00
cuscinetto 6205nr radia,5617313420-00,5962016512-00,1455229100-00
cerca vite acc a2 12 M5x70,3132891770-00,5190129351-00,6571703109-00
"A2K info m45x1,5 LR15",9681950978-00,1016265441-00,3801883632-00
cuscin sfer 7206cdga,4386762078-00,6267553235-00,4199791104-00
piana M12 nylon 37,4428142357-00,3014326085-00,5506538398-00
30x35x32 ir intern,3355330845-00,2933465058-00,1188618193-00
cuscinetto info zklfa1563-2rs,2370411599-00,3320272936-00,3403872805-00
a2 M12x100 8.8 cerca,1515743851-00,9518123077-00,5364960095-00
a2k M10X40 10.9 svasa,3485500899-00,3286166145-00,3539538119-00
cerca inox piana M6,7974005612-00,3066371197-00,7151661320-00
61908-2RS1 rad cusc info,8027272493-00,2755374713-00,7699881798-00
cerca obliq 7201bep,3789444311-00,2873874475-00,7976170256-00
info a2k basso m30x2 8,6323122600-00,7371808107-00,5352356648-00
sfera pft35fm,3553074739-00,5439349326-00,2036427045-00
nk 42/20 cusc rullini,5185231715-00,6438980949-00,6951776968-00
"LR 10 13x12,5 anel",1791112940-00,6097613322-00,9196144313-00
cerca guk gn20 a2k M100x info 2,8580568059-00,8814802312-00,3083433426-00
Tpsi filet M4x8-4.8 a2k,5873849436-00,9083509236-00,5735698913-00
vite te M5x50 acciaio 8.8 A2K,1511681744-00,1398953358-00,7005019557-00
info tcei parz M14-8.8x50 bianco,7197948058-00,5765399431-00,8796805651-00
a2k vite parz m6 100 8.8,3624270395-00,4407921557-00,9230008126-00
info tci zinc M2x6-4.8 intera,3693299201-00,6517508636-00,9890504923-00
cerca a2k maschio m36x3,2916818412-00,5174124939-00,3981189670-00
paf20115 10,2699455699-00,5357993975-00,3553074739-00
TE m16x35 8.8 vite,3747273143-00,3269654436-00,3281332982-00
30-70 m10x vite a2 parz,5846963981-00,2692784607-00,5527530826-00
cerca grano a2k conica m12x35 45h,9090531392-00,1376399055-00,5917366663-00
TE IT 8.8 M20x100 info,9620732978-00,8666922925-00,6483761246-00
TC cil parz a2k m10x60,9271244353-00,9537630327-00,2139735163-00
m8x25 grano a2k 45h,2165953442-00,6035530235-00,5853983356-00
"vite tcei prz nera 6x60 12,9",6843773357-00,5768980724-00,4606671218-00
info te vte a2k 12 130 8.8 cerca,3760894487-00,8080636197-00,1182065572-00
elstc m30 rond.a2k,1378331381-00,5336459512-00,3420626497-00
snodo 16 Salkac,8073379634-00,6700770175-00,6960522247-00
esg a2k m8 4,9788886065-00,9137602664-00,3088262718-00
"te 16x1,5x30-8.8 a2k",1556034266-00,5298209446-00,1962744634-00
52 perno cerca,8018111817-00,6897568036-00,2506646912-00
te m14x90 8.8 acciaio zc info,9676503496-00,6478964688-00,2462869810-00
te filettata 45m8-70 v a2,3286024653-00,9788873693-00,5693143967-00
reggispinta paw32 P10 ralla,5643762042-00,1953221694-00,7997028723-00
parz.a2k m10*16cerca,2537516574-00,4069051559-00,6279585112-00
cerca int.filett tcbei acciaio 8x16-10.9,5008345398-00,6221838917-00,9144101775-00
vite a2k m16 90 8 info,2407054170-00,8019776574-00,2537516574-00
"velmor m6x0,025",7420544092-00,6373635107-00,7495471828-00
grano 45h m6 punt2 a2k,8522302620-00,7782203578-00,9880764182-00
m5x6 10 info,5690510024-00,4758662814-00,9471472650-00
cerca tcbei acc. m4x6 10.9 filettata,1084274257-00,1680115035-00,2277349670-00
zigrin dato 2k m6 6,3650234567-00,9526772961-00,5479560822-00
info tcei inox m8 20-70,3950194926-00,3759777997-00,6757365315-00
rondel elast 2k m16,3336498156-00,3984544458-00,5196167183-00
rullini sfera nk x35,1087482974-00,8620546313-00,1744820572-00
cerca vite a2k tcei m12x280 8.8 file acc,6980499450-00,1547798321-00,2236902687-00
sicurezza mb3 2k info,4763264514-00,9680723972-00,1796405131-00
a2 M3 70 esag medi inox,3903406802-00,3804855403-00,8413622314-00
62O72ZNR cusc info,6716692769-00,1171759738-00,1582827507-00
"km6 2k blocc m30x1,5",9344205959-00,1395728832-00,4346290599-00
info elastica B a2 m5,5441228703-00,5411138778-00,9778571217-00
tcei40 filettata 8.8 8 zinc,1902888810-00,8666922925-00,3628521450-00
tcei d10 m8 f9 30,8220713106-00,4181994172-00,3104574808-00
cerca 7007cd p4adga,6313759283-00,7083538772-00,2981854107-00
80x90x25 int,7760373174-00,9306365722-00,9383943811-00
info grano zincato M6x12-45h,8254688091-00,3904441491-00,2971866041-00
cuscintto cerca pbxa 115,2322483775-00,6711939733-00,7993069863-00
f9 8d25-12.9 gambo cill info,1760470605-00,2016320500-00,7359971500-00
assiale 51200 cusc,5685286874-00,3875557124-00,6015093811-00
PLVPBX A105 cuscinetto,6711939733-00,8979284849-00,8059254291-00
esagona cw508l parz m10x45 cerca,3076317177-00,1920921560-00,9230008126-00
elastica B a2k m4,6470312653-00,2447466166-00,3828365589-00
bsa205cga info obliq,5429558500-00,5659214768-00,7567206630-00
WR70 anello,1188618193-00,1405819675-00,6960522247-00
grano ei a2k 8x16 45h,2463103318-00,1013994276-00,4051928637-00
riv 3/8 sfer 9.525 rb,8541639722-00,2036328500-00,3462809681-00
cerca VITE a2 M12 45 8.8,7878248452-00,4571590299-00,3748907827-00
parz acciaio M85570,8186909629-00,2687889630-00,2655491862-00
vro d125 rt art12012,7296303178-00,2633402017-00,5825574311-00
dado 2K alto20 8,3896168300-00,3984544458-00,7997028723-00
info golfr acc zinc 42x3,9875853252-00,7255109294-00,7993069863-00
vite d12 40 12.9 rett cerca,5713567997-00,8153096555-00,1153687795-00
a2K 5x16 10.9 bombata,4758662814-00,9917520427-00,6104764951-00
"dado 4x0,5 autobl a2K",5509613879-00,5199644221-00,6010330454-00
parz vite m8 8.8 25,7390065635-00,4181994172-00,6600153617-00
cerca a2 40 70 filettati,4538507388-00,4547644032-00,3952682608-00
EI P 45h m6 grano A2K,2368003050-00,9090531392-00,6123290703-00
PAP boccola 3540P10,4934808632-00,1826420970-00,9793768748-00
interno IR 80x54 90,3396052504-00,8304552776-00,4893561425-00
8.8 M10x110 tce a2k,2374738313-00,3315991152-00,9017640334-00
cerca grano m8x10 p.21 h a2 pian,9228106533-00,4439471575-00,4292268847-00
d60 m420 ruota+fr,7220467591-00,7296303178-00,4359144184-00
vite te k 8.8 int. 50 m4a2 zinc,3940763029-00,3227693960-00,3363589240-00
tenuta zav6203 anel,7025136559-00,5836842495-00,8135097001-00
kaldrix 2K m6 a,3066371197-00,2604472017-00,9665407542-00
cerc vite esagona m6x60 8.8 a2 acci,9464218475-00,7064132121-00,5693143967-00
info 6204jv,2819858087-00,1445209486-00,7321897932-00
grn. conica m6x25 45h bianco ei,2265233032-00,1094578790-00,5933620471-00
ei m6x20 piana zinc45h,4181689176-00,2463572176-00,3339120926-00
tcei m5x16 acciaio info,7510513190-00,3820596471-00,6896891954-00
info tpsei vit m6 20 70,3906125529-00,1964769773-00,5065362985-00
ir anello 354220,5259060496-00,7623389262-00,9196144313-00
0450 info,2506733412-00,7964215642-00,4199791104-00
"rivetto tcbd3,4x9 almg2,5",8370275129-00,3300252533-00,6307157416-00
rulli 30203 corona,5054442680-00,6365943916-00,6009433368-00
dado zincato m18 6 a2k,8570551709-00,3182897861-00,8588190828-00
cerca unità fyj30tf,7084542775-00,3634085133-00,6716692769-00
vite tc m4 70 a2k 8.8,9127105398-00,8318286175-00,1766918733-00
esa a2k 16x50 parz filet 8.8,2655491862-00,9697102750-00,6120344016-00
sicurezza m5 x60 tcbei pin,1130811379-00,1597772200-00,1329191849-00
svast incass parz a2k 16 m4x16,1132785186-00,2098611045-00,2642273407-00
te esag m10x40 a2k,3461058488-00,3286166145-00,7976283257-00
"disco blocc m12 1,50x28",8262572173-00,3014326085-00,2392008238-00
cabeza 6x16 12.9 vte nera,6259431200-00,8132115336-00,2589716124-00
24x2x100 8.8 a2k,9158457183-00,6902345456-00,5675130171-00
cerca sfera 6205znr,5218547457-00,1464206595-00,1582827507-00
rullini nk 3720,9026041071-00,5185231715-00,7321897932-00
tcei vite M8 8080,5828119227-00,8220713106-00,9346361961-00
masch golf a2 m30,1152928692-00,2474448039-00,3119784394-00
paf 20115 p11 info,5392032523-00,7882473440-00,6980772817-00
cerca anell br95,9927928159-00,8696414262-00,1269747985-00
cusc sfera 6206,7656917278-00,7349941438-00,4521949722-00
perno 40,1998064545-00,6198473236-00,4370679081-00
6204 2z radiale,1804489327-00,6811106407-00,3633336925-00
08055p10,1774298979-00,1052315420-00,9745921972-00
cerca tcei a2k 12x110 8.8 zinco,4627757243-00,7531996245-00,4606671218-00
te parz.m6x50 8.8 A2K,4807814893-00,6098060240-00,2655491862-00
tcei M5 25 70 info,7495471828-00,2756193419-00,1952396536-00
grano a2k p piana 3x10 45,5501065460-00,4571590299-00,8129997486-00
cerca rulli 210ecp,9501685511-00,8979284849-00,6711268221-00
te parz m10x65 70 acciaio,4430253848-00,4986042147-00,2654093768-00
cerca TCEI m12x60 8.8 zin parz,4586595445-00,5501174308-00,1130810921-00
cusc 6262z,7667381834-00,2256841335-00,8338631077-00
TCEI m4x30 8.8 parz info,7035858829-00,2156921915-00,6843773357-00
basso 2K m24x2 4,7371808107-00,5675130171-00,7014174175-00
info tcei a2k M14x60 8.8 vite,4661397238-00,9697102750-00,5358287054-00
sfera cuscinetto 71908cdp4adga,6342300634-00,5337956037-00,1792495291-00
pap 0606 p10 info,3163078234-00,8358189939-00,5927554878-00
2rsh sfera 6003 cerca,7560065898-00,9588849110-00,8320851783-00
corona na4919,8151190862-00,9111163930-00,7153700806-00
cerca tervan 6201 anello tnuta,5836842495-00,6814405720-00,4410734538-00
grano A2K m10 35 45h cilin info,5933620471-00,2252168350-00,4220226415-00
gwn1120 20 self unsert,5126431065-00,9612996235-00,2170650291-00
bombata m4x8 int a2k 10.9 tcbei,1680115035-00,9207759437-00,7653911057-00
TCIE parz M10x75 8.8 a2k vite,2376697760-00,9751416586-00,6179478807-00
info gambo f9 m10 d12x60 12.9,5456183122-00,9122072784-00,6382490436-00
rullini hk1412 corona,5735344423-00,2756427079-00,4480948610-00
a2k 11 dentell est m6x,7497806643-00,1652967927-00,4428142357-00
snodo dorvik cgka 25,4380157914-00,6700770175-00,8971643306-00
sfera 6008z rad,2118591654-00,5337956037-00,8289664449-00
cusc obliq 42042rs inox cerca,1402897100-00,9167644979-00,7748564458-00
esagonale 8.8 A2K150 m20 cerca,9625341535-00,8720113730-00,9424776550-00
pap12p10,5954303285-00,3047152691-00,7287424213-00
rondella m12 inox,3014326085-00,5693143967-00,6963062415-00
ax7 687grw,8535159829-00,2010439133-00,5674192739-00
grano a2k 10x50-45 esagono p.pian,2236883020-00,4336832700-00,8030314056-00
vite tcei info a2k 6x40-8.8 parz,6752727328-00,2156921915-00,8981508854-00
sfera 51122 cscntto,5337956037-00,7907391950-00,2359786082-00
rclndrco 8x8 rll,8281473503-00,4052349502-00,4411161347-00
"maggior 5 15 1,2 rondella",2336896288-00,4295597107-00,8535159829-00
cerca est a2k 10 m5 ty,7037704410-00,5217076625-00,9729631604-00
grano cilind m8 10 45h a2k,3359898107-00,1094578790-00,8641791085-00
sfera 40 tf unità cusci cerc,6198473236-00,6695477620-00,7667381834-00
grano a2k m5 45h ei info,2103822303-00,5066868032-00,4265798346-00
vite esag a2k m12 x60 8.8,7115681597-00,7309665997-00,5352356648-00
testo snodo cgka 16,5854970220-00,2098611045-00,8338631077-00
info 2k km12 m60x2,3132322870-00,5196514300-00,8338631077-00
cave 506 m8 cerca,5440054076-00,5316813243-00,8891849873-00
basso sx16 a2k 4,7986386415-00,2812062302-00,5352356648-00
ins filettato c m10 a2k,8204718697-00,4823204896-00,1430110093-00
"cerca dorvik 0536-115,",8425163072-00,4380157914-00,1582827507-00
"dado 2k m24x2, info 8",4167410991-00,8629637526-00,1789617221-00
m5x40-10.9 svasa psei,6349191418-00,9764565846-00,2407885247-00
auto m8 2k alto,4757180611-00,9315899660-00,3112439740-00
pap1415p10,7078889404-00,1826420970-00,2427940069-00
cerca filettatura 8.8 m16x130k,4595097987-00,5396528414-00,5106055601-00
info tcei 8.8 a2 m8 45,2056020036-00,5431850038-00,7418397259-00
14x160 8.8 vite esag a2k,6958437317-00,3438146950-00,8222802007-00
ucf l212 unta,5013018299-00,1464206595-00,7649021906-00
BGLC1816 boccl,4937698724-00,9019812829-00,6114708424-00
cerca a2k 8.8 m10 70 te zinc,2891067891-00,9330533540-00,6238573247-00
pap p10 2020 bocc,5165979372-00,5345176211-00,4327921388-00
10.9 a2k tpsei vte m8x25,3654387069-00,7711131637-00,1431389609-00
150 vite a2k 8.8 m22 parz m22x,8779120401-00,1388817573-00,6478964688-00
ruota d60 m320,7363194374-00,3824865055-00,7791255843-00
pap 1220 p10,8811987705-00,2806046120-00,6711268221-00
cerca tcbei 10.9 m10x25 zincata,3939252475-00,7891212922-00,4366679025-00
m8 A2K 35 8.8,7858424626-00,1087482974-00,1841743209-00
sost 7309665997 cerca m12,1612358200-00,7734476041-00,6951776968-00
inox M6x10 70 vte,4734411209-00,9910910852-00,2036328500-00
perno nukre 80,6197314875-00,2250125943-00,8696414262-00
vte zincato M3x5 4.8 cerca,6517508636-00,9296042632-00,8067527976-00
8.8 zinc M5x8,1800442133-00,4185081666-00,1931768917-00
"40x1,5 ghiera oru",8178727713-00,3672346156-00,5196167183-00
tce filett m6x100-8.8,2390881236-00,3624270395-00,6193108154-00
cerca ralla rulli ls6 590 cusc,7751355997-00,4005656361-00,4199791104-00
dado basso m204 esag a2k,8720113730-00,7071292323-00,8631876834-00
info d7/32 riv 5.556,4706798503-00,4722540187-00,8289664449-00
dado autobl 30-8 info esag a2k,5336459512-00,5199644221-00,9575584857-00
sfera 6205 2rhs radia,2359786082-00,6811106407-00,4751202753-00
cerca 2k cilindrica m8x30 45h,1405237532-00,4403967100-00,3562703168-00
nk19/20 rullini cuscnetto,1964769773-00,6621224456-00,7751355997-00
boccola 1610p10,7714999073-00,4934808632-00,9927928159-00
7919 cuscinetto GWN coppia,8349694726-00,2010439133-00,4796572961-00
tcei tb M5x10 8.8,6982573376-00,5396269374-00,5428394963-00
grano piana 21h 5x25ei a2,4220226415-00,1278211702-00,7604168415-00
info filett a2k zinc 100 8.8 m20,4147306188-00,3474627261-00,5731319278-00
nk4020 cuscin tn una,6438980949-00,8112582292-00,2928643503-00
sfera unit 45 synt info,4571590299-00,8813172774-00,7688968790-00
tcei nera 12.9 vite 80 m5,1557781426-00,9593556803-00,4573564884-00
vite f9 m10-d12x50 12.9 rett info,9122072784-00,5456183122-00,7376782950-00
3204 atn9/c2 sfera,2830358974-00,5879115229-00,6786384278-00
cuscinetto 3205-2rs inox,1455229100-00,9010947482-00,9588849110-00
A2K tb m4x10-8.8 parz,4568432133-00,9072517807-00,1507127156-00
11207 info,4478587001-00,9164378441-00,2465261058-00
cerca tcei acc m6x10 8.8,4410646567-00,4659010223-00,8407770695-00
vite8.8 6x80 tceik,6164859129-00,7964215642-00,9621571968-00
m20 70 a2k,2114186304-00,8720113730-00,5091829011-00
unità fyc30tf,7954596083-00,1861548310-00,3838026476-00
radiale 61928ma info,9854233246-00,9556016514-00,3309987938-00
tcei a2k TB 40 parz.8.8 m6,9537250553-00,7964073000-00,3358964777-00
tci filett m3 30 4.8 a2k,5463670446-00,8629637526-00,8291938546-00
FTR 0 flangia 1215a,9421728268-00,2392008238-00,2798380832-00
piana 2k rondella M12,3339120926-00,7894897755-00,3336498156-00
perno 47 a2rs nukr,7755366050-00,7153700806-00,4982032276-00
cerca grano m8 70 45h zincato,2971866041-00,7782203578-00,3903406802-00
KRE30 per,6757660918-00,5901673931-00,2688699729-00
filett a2k m12 35 10.9 TPSEI,1022841450-00,9232719975-00,1542882622-00
elastica rdl m18 a2k cerca,8881076183-00,3088262718-00,6154628649-00
esag cil m850 45h,5337702452-00,1094578790-00,6161653291-00
info RN2x98 bf,7212218295-00,7964215642-00,5196167183-00
20x55 vite8.8 cerca,8713494800-00,1920921560-00,6958437317-00
M4 6 A2 medi info,8067527976-00,1461569135-00,5431850038-00
acciaio int m16x120 8.8 vite,3625848499-00,4455341387-00,7891212922-00
tcei m12x40 nera 12.9,9077176137-00,4497296716-00,3635384046-00
cerca A2K 8.8 vite m8x35 zinc,7335286512-00,7858424626-00,1782609923-00
1/4 iv6.35 rb riv,4722540187-00,4435163658-00,5903303792-00
619/6-2z rad info cuscin,2913148877-00,1804489327-00,7731941463-00
Q30205 1coron j2 rulli,4317402654-00,8161850682-00,1484422168-00
tcbei inox m8x16-70 vit info,1568532537-00,9901076633-00,5629772323-00
nukr 47 cerca a,9841109457-00,8018111817-00,7034847370-00
rulli 32005 conici x/q,1875361036-00,6434397493-00,6354125661-00
tcei m16 80 12.9 filet,7525291539-00,1570747722-00,5456183122-00
vite te a2k m14 35 8.8,4482660134-00,6835570853-00,2024351750-00
girevole sup 1020q,6094533974-00,1052468184-00,3240037049-00
cerca 2k parz m6x16 8.8 vit acciaio,2745886712-00,6192891321-00,8286072537-00
info paf 06070 P10,6467382367-00,3941427155-00,1052315420-00
te M10 55-70 inox vite,8413622314-00,3256546005-00,8889344815-00
"dado 2k basso 1,25-4 m10",7013411208-00,3166246449-00,3065840761-00
sfera 7010cd p4adga obliqu,5960374337-00,2604916105-00,8541639722-00
cerca M14x50 8.8 acci a2k info,8028447605-00,3500639514-00,5358690547-00
tpsei 60 10.9 vite m5 parz incassato,1862899777-00,3135963696-00,5679205903-00
rullini RNA6913 one,4243875482-00,6765111973-00,9927928159-00
filettata 8.8 M8x60 zin vite int,2726698148-00,5658151048-00,1390495645-00
NK4230 rullini una corona,7707915166-00,8813172774-00,7256263291-00
"dado alto 8 m5x0,5 a2k",5477398477-00,5264300594-00,7256209367-00
tcei inox 70 m8x70-70 fileta,1147017964-00,3069487216-00,6239810547-00
tcei 12x70 zinc8.8 info,6962179027-00,8723283629-00,9164921243-00
sfera 16004 cerca,1376946622-00,3740504429-00,7699881798-00
maschio a2k m20,4282390587-00,6630654982-00,6077061732-00
vite tcei a2k 16x45 8.8 info,8705789131-00,4661397238-00,2028041505-00
te 8.8 M16x80 acc zinc cerca,1699684670-00,1398953358-00,1033519698-00
r.plana A2k 14,6352965674-00,5853983356-00,6764592654-00
vite ottone 10 30 cw508l te cerca,7811220022-00,9877554164-00,6611607843-00
anello tervan 6012,3240037049-00,1159958664-00,2392008238-00
cerca p. a2k 45h 60 m12,3388938782-00,7835034023-00,3202526870-00
parz inf vte 8.8 12x20 A2k,9985673215-00,7964073000-00,8848643796-00
cuscinetto sfera 63052rsh,8556932975-00,5962016512-00,3309987938-00
pin sicurezza 6x16 A2 m70,5527530826-00,6643459127-00,1680115035-00
arresto anello BR38,9621571968-00,2688699729-00,4410734538-00
cerca filettata M8x45,3067769121-00,2088268475-00,8380686623-00
zuvo dri prt-04-60,8370007751-00,1052315420-00,3462809681-00
rullini corona 6932 cerca,6304011625-00,8824276530-00,9535092488-00
tcei m6x10-70,5777325392-00,4734411209-00,6598988196-00
PAP 220100 p10,5440625674-00,3149495518-00,4370679081-00
cerca dxl rulli cusc 11020,5066546121-00,3413264052-00,8338631077-00
info m8x140 8.8 parz tc a2k,4114984509-00,2963834971-00,1977603061-00
nkx rulli cuscinetti 15,6506566613-00,6365943916-00,6493958615-00
10.9 a2k filettata m8x16,2013038763-00,5008345398-00,3910293894-00
tcei nera m6x100 12.9 vte,3628254685-00,9545805367-00,5358287054-00
"cerca swl0,25 2k zincato",6824517508-00,5312760431-00,3083433426-00
cuscin rulli 32024x info,7071447618-00,6344833046-00,4464470975-00
"rn-3x9,8 BFG2",7034847370-00,7212218295-00,8625641545-00
vite nera acciaio 3x10 12.9,5768980724-00,3628254685-00,9419602658-00
16 tcei parz.m3 12 9,8286072537-00,2297518908-00,3625233948-00
cerca grno esag m6x50 45h zinco,3685572130-00,6098060240-00,1444121761-00
info vite tpsei esag a2k m6x45-10.9,1815563881-00,3748907827-00,9183626126-00
forma C ronds c50 M8,4594330070-00,7894897755-00,4480948610-00
lel cuscnett 0530,1258316254-00,2743205990-00,9745921972-00
23030 cc/w33 cuscinetto rulli,1843344004-00,2010439133-00,8329315855-00
rull gabbia cerca 120155,6530333098-00,9572791500-00,2034326186-00
fiss battut pah52 cerca,2715100092-00,1968984769-00,4743934823-00
nup2207 ECP cilind cusch,5037382791-00,6921602240-00,3379105488-00
3302 coron rulli info,5945613579-00,1070027217-00,2039087397-00
rkyr 52 perno fol,7153700806-00,1998064545-00,6792307074-00
vte a2k incecc M8x85,7807065847-00,1515743851-00,3336498156-00
"7/8 riv rb-22,225 sfera",4435163658-00,4706798503-00,8556932975-00
rad sfera 61804,2948676075-00,2438994529-00,2506646912-00
ir 28x32 30 anel Intern,5300150117-00,5276410858-00,6198473236-00
plan rondell a2k m20,3399345551-00,7181962772-00,9183626126-00
info cuscint na4903,3195565534-00,3683324554-00,7210597771-00
sfera radia 63042rsh,8777053594-00,7617818121-00,4704551666-00
testa 80 20,7347632804-00,8161850682-00,7754132117-00
tcei acc m12x55 12.9,1153687795-00,8132115336-00,4573564884-00
annel comp 0810-03605,9674348759-00,7964215642-00,1834212913-00
tcei tb parz a2k 8.8 16 m6,6395039276-00,4513626239-00,5556266370-00
te m6x25 ottone,5011131774-00,3076317177-00,4482660134-00
8.8 A2K m4x55,2841112127-00,2393165131-00,1507127156-00
chiusura nero,8856387870-00,7255109294-00,1796405131-00
10.9 a2k m10x16,9876699383-00,3910293894-00,8425163072-00
cerca te a2 parz m5x12 70,7418397259-00,7064132121-00,3281332982-00
370 ring cuscinet info,5561728555-00,7255109294-00,6960522247-00
m6x40 8.8 te vitek,9017640334-00,6375619999-00,3933857095-00
parz m24 100 info 8.8,2657608685-00,5276410858-00,3363589240-00
m8x90 70 parz acciaio,7691548010-00,9072517807-00,3216451039-00
ghier precisi M15,1919151413-00,1052315420-00,6429617186-00
vte tpsi M4x10-4.8,5766840546-00,4265798346-00,7585838948-00
autofl zinc 5x80,2443553697-00,8666922925-00,3018333822-00
"dado m2,5 6 med",6390964574-00,8224343365-00,8534736814-00
vite a2k parz m16x70-8.8,1543538935-00,7573797526-00,6560524468-00
cerca rivetto bomb a2 d36,1693769191-00,3300252533-00,9713312546-00
info cusinetto 6001,8329315855-00,3301113478-00,4966456272-00
PAP 282 P10,7827461347-00,3208232197-00,4199791104-00
12x58 8.8 k2,7412425536-00,6267553235-00,7261025418-00
vite M16x35 8.8 a2k,9164921243-00,3747273143-00,9625341535-00
"cerca rivetto almg 2,5 d3.8x",6655726866-00,5901673931-00,3346184161-00
elast m16 bloc info,1237825463-00,8019776574-00,6960522247-00
TCEl vite zincato 16x30-10.9,6963127063-00,4513626239-00,6719591180-00
vro+P60 d130 Q,6057518909-00,6416879197-00,6493958615-00
32008 cuscin.xq,1070027217-00,1052315420-00,4359144184-00
pap 2015 10,3149495518-00,6833265528-00,9729631604-00
hk 3512 rullin,4438679634-00,2779967050-00,1442542605-00
int m16 60 8.8 vite,3755850374-00,1570747722-00,4362770512-00
cerc arresto br32 anel,2034326186-00,8135097001-00,4047319682-00
br30 anel arrest info,7321897932-00,7993069863-00,3114810437-00
cerca obliq acd 7000 p4adbc,8981416541-00,6615563785-00,1902401529-00
grano 6 40-45 ei a2k info,2609079641-00,2650154326-00,7223215219-00
disco 22x1.25x10 elastico,7940812971-00,9235182267-00,4225769061-00
m16 grano 20-45h ei cerca,7782203578-00,2489784533-00,4265798346-00
snod kvr 25 geh c info,5825574311-00,4365874663-00,7287424213-00
lel 0490 cuscint velmor,7994469262-00,2506733412-00,3346184161-00
natv 20 info rulli,6906098423-00,5720179105-00,7321897932-00
esag m10 er/l 2k,8740694432-00,5173715598-00,8903415072-00
cave t m6 8 a2K,6780711462-00,5316813243-00,1388223722-00
ERA SFRA 618112rs1,3724834067-00,7255109294-00,8810070590-00
cerca vite acciaio m8x10 8.8 parz a2k,3763476385-00,9241727014-00,3747273143-00
"dado autobloc 16x1,5 8 a2K",8343697990-00,4346290599-00,2873901855-00
bocl mb du 85100,5658261801-00,2514996460-00,8625641545-00
2rs 30 perno foll,8707135493-00,9613895497-00,6114708424-00
10 p3550,3081287116-00,3113830218-00,5309071573-00
cerca tervan 3205,6814405720-00,9010947482-00,7051940106-00
info grano 8x8-45h ei,1376399055-00,6945181432-00,1278211702-00
GWNSF30 unità,5903303792-00,1744820572-00,1516525272-00
albero WR35 arresto,1796405131-00,4199791104-00,2039087397-00
tcei 8.8 M8x90 a2k,9440845021-00,4147306188-00,1335929593-00
cerca sfera combi nkx40,2833252741-00,5249463039-00,8329315855-00
sfera 71948cdg P4ad,6952320784-00,6749247184-00,3810906932-00
info unità 35 pf rm,1861548310-00,3454525239-00,9927360461-00
radiale 622102rs1,6786384278-00,6765111973-00,7667381834-00
6201 sferra,2815418110-00,3409610748-00,8376341210-00
inserto tc m4 info,2796016373-00,4823204896-00,2034326186-00
vite 10x45 parz cerca,8812817358-00,3625233948-00,2320198646-00
tcei nera m6x90-12.9,8321833690-00,5428394963-00,4573564884-00
rullini 12 16 cerca,2928643503-00,5225495328-00,2857731037-00
autofilett tps 6x100,4633625354-00,2212658191-00,1442542605-00
tcei vte tb 40 m12 parz.filett 10.9,4513626239-00,6963127063-00,4595789175-00
basso 6 a2k m3 auto zin info,3600032315-00,3903406802-00,8115414843-00
cuscin sfera 7204p4 cdga,7981958136-00,4007447862-00,7560065898-00
6303-2rsh sfera cuscinet,3636027469-00,6314452072-00,4231466817-00
bocc p20 3550,1211141021-00,3433772587-00,7976170256-00
cerca te a2k M14 80 8.8,6358349105-00,6197314875-00,3018333822-00
redancia bf cerca d5 a2k,3337876451-00,7212218295-00,7627731391-00
tcei M10x120 8.8,8539881347-00,8687110294-00,2857731037-00
info te filettat m20x60 8.8,5358690547-00,3076317177-00,7518381135-00
rondella weotaro info,9732007045-00,9937502513-00,5544830891-00
cerca grano a2k 45h m6x10,5221213735-00,8468201600-00,7223215219-00
info s71914c acdga/p4,9827472106-00,8526360040-00,6586389960-00
tci filettato CW508L ott m4 6,2571962982-00,2796016373-00,1945547201-00
a2k M24 rond zinc,7817345840-00,4224982894-00,8434447630-00
rullini 15x19x13 info,8884625491-00,5735344423-00,9674348759-00
cerca dado 2k m12 6 info,2596794819-00,5047489690-00,2057138330-00
rulli 32206,7123932343-00,7857794706-00,1968984769-00
paw52p10,1321057021-00,3913717318-00,7993069863-00
grano m16x70 45h p,8691580996-00,4051928637-00,4225769061-00
62203rs1 cuscinetto,8057376401-00,3409610748-00,1484422168-00
cerca rondella acciaio 2K M7,7124258264-00,8090921104-00,2447466166-00
info elastica b m3 2K,8400584249-00,7643733072-00,1834212913-00
hk25/20.2 1rullini,8143255737-00,9515153013-00,2170650291-00
f9 tcei 25xM5d6-12.9 gambo,9419602658-00,3665132280-00,3104574808-00
"esa 2K m6x30 8,8 parz",3357157332-00,9935696508-00,2692784607-00
cerca te filettat a2k m16x90 8.8 vite,8277383510-00,2293806356-00,7283136748-00
P P a2k 30 m8x 45h cerca,7151661320-00,4094357318-00,2088268475-00
rullini hk 0608 corona,4302709327-00,3683324554-00,7648626463-00
bsa assial obliquo 208 dba,7865149791-00,8020240760-00,2948676075-00
ass rulli LS 90120 cusc,5979277982-00,1811269553-00,5126431065-00
cilindrica m5x2570 info,6077003273-00,9210849690-00,2949807863-00
cerca 22pp,8272876416-00,6757660918-00,1207395784-00
filettata zinc8.8 m16x130 parz,9214170501-00,9877554164-00,1596340372-00
zkln4075 2rs ap cuscinetto,2922513175-00,1211253224-00,2569431920-00
2203.2rsx rulll,4643465183-00,5720179105-00,8051335606-00
dado m6 8 a2k t zinc bianco,1664484787-00,4407921557-00,5509613879-00
tcei parz info vite m4x10-8.8,3358964777-00,1094408086-00,4586595445-00
rondella 31x68x10 a2k,6077061732-00,2952509661-00,7858424626-00
rulli x32012 cuscine,7659070552-00,7256263291-00,1442542605-00
p10 pap2530,1946388169-00,7792307856-00,3113830218-00
grano ei m10x60 incassato 45h,3302201450-00,5782911625-00,8687110294-00
2 occhi a2k m6 info,9526772961-00,6488079350-00,5760759939-00
vite 6x12 a2 parzfilet,9778571217-00,9235266034-00,7653911057-00
rullo cil 18 12,4527880773-00,6114708424-00,4632171824-00
100135 ralli cusc,4005656361-00,7751355997-00,6493958615-00
cerca 40 unità tf sfera,1219752306-00,1744820572-00,8059254291-00
obl cuscinetto ax bsa209cga dba,8020240760-00,8988363787-00,8376341210-00
m6x20 vite parz 8.8 a2 zinc,5986859531-00,3773597417-00,6179478807-00
sfera nr info 6209,2001314721-00,7699881798-00,8777053594-00
art24005 vro ruota m22 d100,2962086114-00,8059232524-00,2392008238-00
dado A2 m10 50 info,4593310304-00,5199644221-00,3828365589-00
r/l esag A2K m6 cerca,1681278189-00,6291754020-00,5173715598-00
art24101 m22 d80 lagzeta ok,1388817573-00,2604472017-00,7287424213-00
ERA 61904 2rs1,5621744151-00,4231466817-00,3642729084-00
MB7 sic a2k,8298096627-00,2066945648-00,1294937780-00
cerca tf20 cuscinetto unit info,4365586622-00,4478587001-00,7501846298-00
6207sfera 2rsh,8443687500-00,8777053594-00,7791255843-00
piana m16 2 rondella,1570747722-00,2995356510-00,5789814708-00
vite 8.8 m10x35 parz a2k,1130810921-00,4311539891-00,1507127156-00
vite 70 M8x40 inox,1836583820-00,6148464742-00,9378016972-00
cerca tcei 8.8 60 m6,8300606513-00,4327921388-00,2407054170-00
info te filettat m6-70,9257600323-00,6488079350-00,2577201529-00
kr22pp,7282383740-00,8018111817-00,1269372122-00
tc m16 100 8.8 bianco,7692192434-00,8019776574-00,7858424626-00
TCIC A2 3x16 4.8,2936303514-00,3748866368-00,5461598347-00
cerca p10 5030 1415,3047841491-00,7078889404-00,6192682953-00
info 80 a2k tpsei 10.9 m8,4514307030-00,4411161347-00,9313557687-00
ralla cusc 120 155 1.5 cp cer,9535092488-00,3245717955-00,7153700806-00
vite esag m16x100 8.8 parz,8767108517-00,7811220022-00,8558678354-00
pft 20 unità cusc tf,6951776968-00,5652404820-00,1792495291-00
